Workbook

Sheet Instructions
A1: How to Use This Gym & Studio Membership Tracker
A4: 1. Open 'Setup' first. Confirm your plan types and monthly price per plan, and list your trainers.
A5: 2. Add every member in 'Members' — Plan, Trainer, Start Date, and Status. Members expiring within 7 days highlight automatically so you know who to follow up with.
A6: 3. Log every payment in 'Payments' — Member, Date, Amount, and Method. This drives the revenue figures on the Dashboard.
A7: 4. Change the Year/Month selector at the top of 'Dashboard' to see that period's KPIs and charts update automatically.
A8: 5. Only edit yellow (input) or white cells. Green-header and formula cells update automatically — do not overwrite them.
A9: 6. To log more members or payments than the pre-formatted rows, select the last formatted row and copy it downward; formulas will carry over.
A11: Prepared for {{CLIENT_NAME}} ({{NICHE}}). Amounts are in {{CURRENCY}}.

Sheet Setup
A1: {{CLIENT_NAME}} — Setup
A2: {{NICHE}} — configure once, everything else updates automatically
A3: Plan Type | B3: Monthly Price ({{CURRENCY}}) | D3: Trainers
A4: Monthly | B4: 49 | D4: Trainer A
A5: Quarterly | B5: 129 | D5: Trainer B
A6: Annual | B6: 449 | D6: Trainer C
A7: Day Pass | B7: 15 | D7: Unassigned
A8: Class Pack | B8: 99

Sheet Members
A1: {{CLIENT_NAME}} — Members
A2: Member ID | B2: Name | C2: Contact | D2: Plan | E2: Trainer | F2: Start Date | G2: Status | H2: Expiry Date | I2: Days Until Expiry | J2: Monthly Value ({{CURRENCY}})
A3: =IF(B3="","",ROW()-3+1) | H3: =IF(B3="","",IF(D3="Monthly",DATE(YEAR(F3),MONTH(F3)+1,DAY(F3)),IF(D3="Quarterly",DATE(YEAR(F3),MONTH(F3)+3,DAY(F3)),IF(D3="Annual",DATE(YEAR(F3)+1,MONTH(F3),DAY(F3)),IF(D3="Day Pass",F3+1,""))))) | I3: =IF(B3="","",IF(H3="","",H3-TODAY())) | J3: =IF(B3="","",IFERROR(INDEX(Setup!$B$4:$B$8,MATCH(D3,Setup!$A$4:$A$8,0)),0))
A4: =IF(B4="","",ROW()-3+1) | H4: =IF(B4="","",IF(D4="Monthly",DATE(YEAR(F4),MONTH(F4)+1,DAY(F4)),IF(D4="Quarterly",DATE(YEAR(F4),MONTH(F4)+3,DAY(F4)),IF(D4="Annual",DATE(YEAR(F4)+1,MONTH(F4),DAY(F4)),IF(D4="Day Pass",F4+1,""))))) | I4: =IF(B4="","",IF(H4="","",H4-TODAY())) | J4: =IF(B4="","",IFERROR(INDEX(Setup!$B$4:$B$8,MATCH(D4,Setup!$A$4:$A$8,0)),0))
A5: =IF(B5="","",ROW()-3+1) | H5: =IF(B5="","",IF(D5="Monthly",DATE(YEAR(F5),MONTH(F5)+1,DAY(F5)),IF(D5="Quarterly",DATE(YEAR(F5),MONTH(F5)+3,DAY(F5)),IF(D5="Annual",DATE(YEAR(F5)+1,MONTH(F5),DAY(F5)),IF(D5="Day Pass",F5+1,""))))) | I5: =IF(B5="","",IF(H5="","",H5-TODAY())) | J5: =IF(B5="","",IFERROR(INDEX(Setup!$B$4:$B$8,MATCH(D5,Setup!$A$4:$A$8,0)),0))
A6: =IF(B6="","",ROW()-3+1) | H6: =IF(B6="","",IF(D6="Monthly",DATE(YEAR(F6),MONTH(F6)+1,DAY(F6)),IF(D6="Quarterly",DATE(YEAR(F6),MONTH(F6)+3,DAY(F6)),IF(D6="Annual",DATE(YEAR(F6)+1,MONTH(F6),DAY(F6)),IF(D6="Day Pass",F6+1,""))))) | I6: =IF(B6="","",IF(H6="","",H6-TODAY())) | J6: =IF(B6="","",IFERROR(INDEX(Setup!$B$4:$B$8,MATCH(D6,Setup!$A$4:$A$8,0)),0))
A7: =IF(B7="","",ROW()-3+1) | H7: =IF(B7="","",IF(D7="Monthly",DATE(YEAR(F7),MONTH(F7)+1,DAY(F7)),IF(D7="Quarterly",DATE(YEAR(F7),MONTH(F7)+3,DAY(F7)),IF(D7="Annual",DATE(YEAR(F7)+1,MONTH(F7),DAY(F7)),IF(D7="Day Pass",F7+1,""))))) | I7: =IF(B7="","",IF(H7="","",H7-TODAY())) | J7: =IF(B7="","",IFERROR(INDEX(Setup!$B$4:$B$8,MATCH(D7,Setup!$A$4:$A$8,0)),0))
A8: =IF(B8="","",ROW()-3+1) | H8: =IF(B8="","",IF(D8="Monthly",DATE(YEAR(F8),MONTH(F8)+1,DAY(F8)),IF(D8="Quarterly",DATE(YEAR(F8),MONTH(F8)+3,DAY(F8)),IF(D8="Annual",DATE(YEAR(F8)+1,MONTH(F8),DAY(F8)),IF(D8="Day Pass",F8+1,""))))) | I8: =IF(B8="","",IF(H8="","",H8-TODAY())) | J8: =IF(B8="","",IFERROR(INDEX(Setup!$B$4:$B$8,MATCH(D8,Setup!$A$4:$A$8,0)),0))
A9: =IF(B9="","",ROW()-3+1) | H9: =IF(B9="","",IF(D9="Monthly",DATE(YEAR(F9),MONTH(F9)+1,DAY(F9)),IF(D9="Quarterly",DATE(YEAR(F9),MONTH(F9)+3,DAY(F9)),IF(D9="Annual",DATE(YEAR(F9)+1,MONTH(F9),DAY(F9)),IF(D9="Day Pass",F9+1,""))))) | I9: =IF(B9="","",IF(H9="","",H9-TODAY())) | J9: =IF(B9="","",IFERROR(INDEX(Setup!$B$4:$B$8,MATCH(D9,Setup!$A$4:$A$8,0)),0))
A10: =IF(B10="","",ROW()-3+1) | H10: =IF(B10="","",IF(D10="Monthly",DATE(YEAR(F10),MONTH(F10)+1,DAY(F10)),IF(D10="Quarterly",DATE(YEAR(F10),MONTH(F10)+3,DAY(F10)),IF(D10="Annual",DATE(YEAR(F10)+1,MONTH(F10),DAY(F10)),IF(D10="Day Pass",F10+1,""))))) | I10: =IF(B10="","",IF(H10="","",H10-TODAY())) | J10: =IF(B10="","",IFERROR(INDEX(Setup!$B$4:$B$8,MATCH(D10,Setup!$A$4:$A$8,0)),0))
A11: =IF(B11="","",ROW()-3+1) | H11: =IF(B11="","",IF(D11="Monthly",DATE(YEAR(F11),MONTH(F11)+1,DAY(F11)),IF(D11="Quarterly",DATE(YEAR(F11),MONTH(F11)+3,DAY(F11)),IF(D11="Annual",DATE(YEAR(F11)+1,MONTH(F11),DAY(F11)),IF(D11="Day Pass",F11+1,""))))) | I11: =IF(B11="","",IF(H11="","",H11-TODAY())) | J11: =IF(B11="","",IFERROR(INDEX(Setup!$B$4:$B$8,MATCH(D11,Setup!$A$4:$A$8,0)),0))
A12: =IF(B12="","",ROW()-3+1) | H12: =IF(B12="","",IF(D12="Monthly",DATE(YEAR(F12),MONTH(F12)+1,DAY(F12)),IF(D12="Quarterly",DATE(YEAR(F12),MONTH(F12)+3,DAY(F12)),IF(D12="Annual",DATE(YEAR(F12)+1,MONTH(F12),DAY(F12)),IF(D12="Day Pass",F12+1,""))))) | I12: =IF(B12="","",IF(H12="","",H12-TODAY())) | J12: =IF(B12="","",IFERROR(INDEX(Setup!$B$4:$B$8,MATCH(D12,Setup!$A$4:$A$8,0)),0))
A13: =IF(B13="","",ROW()-3+1) | H13: =IF(B13="","",IF(D13="Monthly",DATE(YEAR(F13),MONTH(F13)+1,DAY(F13)),IF(D13="Quarterly",DATE(YEAR(F13),MONTH(F13)+3,DAY(F13)),IF(D13="Annual",DATE(YEAR(F13)+1,MONTH(F13),DAY(F13)),IF(D13="Day Pass",F13+1,""))))) | I13: =IF(B13="","",IF(H13="","",H13-TODAY())) | J13: =IF(B13="","",IFERROR(INDEX(Setup!$B$4:$B$8,MATCH(D13,Setup!$A$4:$A$8,0)),0))
A14: =IF(B14="","",ROW()-3+1) | H14: =IF(B14="","",IF(D14="Monthly",DATE(YEAR(F14),MONTH(F14)+1,DAY(F14)),IF(D14="Quarterly",DATE(YEAR(F14),MONTH(F14)+3,DAY(F14)),IF(D14="Annual",DATE(YEAR(F14)+1,MONTH(F14),DAY(F14)),IF(D14="Day Pass",F14+1,""))))) | I14: =IF(B14="","",IF(H14="","",H14-TODAY())) | J14: =IF(B14="","",IFERROR(INDEX(Setup!$B$4:$B$8,MATCH(D14,Setup!$A$4:$A$8,0)),0))
... A102: =IF(B102="","",ROW()-3+1) | H102: =IF(B102="","",IF(D102="Monthly",DATE(YEAR(F102),MONTH(F102)+1,DAY(F102)),IF(D102="Quarterly",DATE(YEAR(F102),MONTH(F102)+3,DAY(F102)),IF(D102="Annual",DATE(YEAR(F102)+1,MONTH(F102),DAY(F102)),IF(D102="Day Pass",F102+1,""))))) | I102: =IF(B102="","",IF(H102="","",H102-TODAY())) | J102: =IF(B102="","",IFERROR(INDEX(Setup!$B$4:$B$8,MATCH(D102,Setup!$A$4:$A$8,0)),0))

Sheet Payments
A1: {{CLIENT_NAME}} — Payments
A2: Date | B2: Member | C2: Amount ({{CURRENCY}}) | D2: Payment Method | E2: Year | F2: Month
E3: =IFERROR(YEAR(A3),"") -> 1899 | F3: =IFERROR(MONTH(A3),"") -> 12
E4: =IFERROR(YEAR(A4),"") -> 1899 | F4: =IFERROR(MONTH(A4),"") -> 12
E5: =IFERROR(YEAR(A5),"") -> 1899 | F5: =IFERROR(MONTH(A5),"") -> 12
E6: =IFERROR(YEAR(A6),"") -> 1899 | F6: =IFERROR(MONTH(A6),"") -> 12
E7: =IFERROR(YEAR(A7),"") -> 1899 | F7: =IFERROR(MONTH(A7),"") -> 12
E8: =IFERROR(YEAR(A8),"") -> 1899 | F8: =IFERROR(MONTH(A8),"") -> 12
E9: =IFERROR(YEAR(A9),"") -> 1899 | F9: =IFERROR(MONTH(A9),"") -> 12
E10: =IFERROR(YEAR(A10),"") -> 1899 | F10: =IFERROR(MONTH(A10),"") -> 12
E11: =IFERROR(YEAR(A11),"") -> 1899 | F11: =IFERROR(MONTH(A11),"") -> 12
E12: =IFERROR(YEAR(A12),"") -> 1899 | F12: =IFERROR(MONTH(A12),"") -> 12
E13: =IFERROR(YEAR(A13),"") -> 1899 | F13: =IFERROR(MONTH(A13),"") -> 12
E14: =IFERROR(YEAR(A14),"") -> 1899 | F14: =IFERROR(MONTH(A14),"") -> 12
... E152: =IFERROR(YEAR(A152),"") -> 1899 | F152: =IFERROR(MONTH(A152),"") -> 12

Sheet Dashboard
A1: {{CLIENT_NAME}} — Dashboard
A2: {{NICHE}} — figures in {{CURRENCY}}
A3: Year | B3: 2026 | C3: Month | D3: 1
A5: Active Members | B5: Revenue — Selected Month ({{CURRENCY}}) | C5: Avg Revenue / Active Member ({{CURRENCY}}) | D5: Expiring Within 7 Days
A6: =COUNTIF(Members!$G$3:$G$102,"Active") -> 0 | B6: =SUMIFS(Payments!$C$3:$C$152,Payments!$E$3:$E$152,$B$3,Payments!$F$3:$F$152,$D$3) -> 0 | C6: =IFERROR(B6/A6,0) -> 0 | D6: =COUNTIFS(Members!$G$3:$G$102,"Active",Members!$I$3:$I$102,">=0",Members!$I$3:$I$102,"<=7") -> 0
A9: Active Members by Plan
A10: Plan | B10: Members
A11: Monthly | B11: =COUNTIFS(Members!$D$3:$D$102,"Monthly",Members!$G$3:$G$102,"Active") -> 0
A12: Quarterly | B12: =COUNTIFS(Members!$D$3:$D$102,"Quarterly",Members!$G$3:$G$102,"Active") -> 0
A13: Annual | B13: =COUNTIFS(Members!$D$3:$D$102,"Annual",Members!$G$3:$G$102,"Active") -> 0
A14: Day Pass | B14: =COUNTIFS(Members!$D$3:$D$102,"Day Pass",Members!$G$3:$G$102,"Active") -> 0
A15: Class Pack | B15: =COUNTIFS(Members!$D$3:$D$102,"Class Pack",Members!$G$3:$G$102,"Active") -> 0
A20: Revenue by Month — Selected Year
A21: Month | B21: Revenue
A22: Jan | B22: =SUMIFS(Payments!$C$3:$C$152,Payments!$E$3:$E$152,$B$3,Payments!$F$3:$F$152,1) -> 0
A23: Feb | B23: =SUMIFS(Payments!$C$3:$C$152,Payments!$E$3:$E$152,$B$3,Payments!$F$3:$F$152,2) -> 0
A24: Mar | B24: =SUMIFS(Payments!$C$3:$C$152,Payments!$E$3:$E$152,$B$3,Payments!$F$3:$F$152,3) -> 0
A25: Apr | B25: =SUMIFS(Payments!$C$3:$C$152,Payments!$E$3:$E$152,$B$3,Payments!$F$3:$F$152,4) -> 0
A26: May | B26: =SUMIFS(Payments!$C$3:$C$152,Payments!$E$3:$E$152,$B$3,Payments!$F$3:$F$152,5) -> 0
A27: Jun | B27: =SUMIFS(Payments!$C$3:$C$152,Payments!$E$3:$E$152,$B$3,Payments!$F$3:$F$152,6) -> 0
A28: Jul | B28: =SUMIFS(Payments!$C$3:$C$152,Payments!$E$3:$E$152,$B$3,Payments!$F$3:$F$152,7) -> 0
A29: Aug | B29: =SUMIFS(Payments!$C$3:$C$152,Payments!$E$3:$E$152,$B$3,Payments!$F$3:$F$152,8) -> 0
A30: Sep | B30: =SUMIFS(Payments!$C$3:$C$152,Payments!$E$3:$E$152,$B$3,Payments!$F$3:$F$152,9) -> 0
A31: Oct | B31: =SUMIFS(Payments!$C$3:$C$152,Payments!$E$3:$E$152,$B$3,Payments!$F$3:$F$152,10) -> 0
A32: Nov | B32: =SUMIFS(Payments!$C$3:$C$152,Payments!$E$3:$E$152,$B$3,Payments!$F$3:$F$152,11) -> 0
A33: Dec | B33: =SUMIFS(Payments!$C$3:$C$152,Payments!$E$3:$E$152,$B$3,Payments!$F$3:$F$152,12) -> 0

Sheet Notes & Legend
A1: Notes & Legend
A3: Color / Style | B3: Meaning
A4: Yellow cells | B4: Input cells — change these (Year, Month, Plan Prices).
A5: White cells with borders | B5: Data entry rows in Members and Payments.
A6: Green header cells | B6: Column headers — do not edit.
A7: Black formula cells | B7: Calculated automatically — do not overwrite (Expiry Date, Days Until Expiry, etc.).
A8: Light orange rows (Members) | B8: Active members expiring within 7 days — follow up for renewal.
A9: Light red rows (Members) | B9: Active members already past their expiry date.
A11: Prepared for {{CLIENT_NAME}} ({{NICHE}}). Amounts are in {{CURRENCY}}.
