Workbook

Sheet Instructions
A1: How to Use This Sales & Revenue Analytics Dashboard
A4: 1. Open 'Setup' first. Confirm your product categories, regions, and sales channels.
A5: 2. Log every sale in 'Sales Transactions' — Date, Order ID, Product, Category, Region, Channel, Qty, and Unit Price. Revenue calculates automatically.
A6: 3. List every product you sell in 'Product Performance' — Revenue, Units Sold, and Sales Rank calculate automatically from your transactions.
A7: 4. Change the Year/Month selector at the top of 'Revenue Dashboard' to see that period's KPIs and charts update automatically.
A8: 5. Only edit yellow (input) or white cells. Green-header and formula cells update automatically — do not overwrite them.
A9: 6. To log more than the pre-formatted rows, select the last formatted row and copy it downward; formulas will carry over.
A11: Prepared for {{CLIENT_NAME}} ({{NICHE}}). Amounts are in {{CURRENCY}}.

Sheet Setup
A1: {{CLIENT_NAME}} — Setup
A2: {{NICHE}} — configure once, everything else updates automatically
A3: Category | B3: Region | C3: Sales Channel
A4: Apparel | B4: North America | C4: Etsy
A5: Accessories | B5: Europe | C5: Website
A6: Home Goods | B6: Asia Pacific | C6: Amazon
A7: Digital | B7: Other | C7: Instagram
A8: Custom / Made-to-Order | C8: Other
A9: Other

Sheet Sales Transactions
A1: {{CLIENT_NAME}} — Sales Transactions
A2: Date | B2: Order ID | C2: Product | D2: Category | E2: Region | F2: Channel | G2: Qty | H2: Unit Price ({{CURRENCY}}) | I2: Revenue ({{CURRENCY}}) | J2: Year | K2: Month
I3: =IFERROR(G3*H3,0) -> 0 | J3: =IFERROR(YEAR(A3),"") -> 1899 | K3: =IFERROR(MONTH(A3),"") -> 12
I4: =IFERROR(G4*H4,0) -> 0 | J4: =IFERROR(YEAR(A4),"") -> 1899 | K4: =IFERROR(MONTH(A4),"") -> 12
I5: =IFERROR(G5*H5,0) -> 0 | J5: =IFERROR(YEAR(A5),"") -> 1899 | K5: =IFERROR(MONTH(A5),"") -> 12
I6: =IFERROR(G6*H6,0) -> 0 | J6: =IFERROR(YEAR(A6),"") -> 1899 | K6: =IFERROR(MONTH(A6),"") -> 12
I7: =IFERROR(G7*H7,0) -> 0 | J7: =IFERROR(YEAR(A7),"") -> 1899 | K7: =IFERROR(MONTH(A7),"") -> 12
I8: =IFERROR(G8*H8,0) -> 0 | J8: =IFERROR(YEAR(A8),"") -> 1899 | K8: =IFERROR(MONTH(A8),"") -> 12
I9: =IFERROR(G9*H9,0) -> 0 | J9: =IFERROR(YEAR(A9),"") -> 1899 | K9: =IFERROR(MONTH(A9),"") -> 12
I10: =IFERROR(G10*H10,0) -> 0 | J10: =IFERROR(YEAR(A10),"") -> 1899 | K10: =IFERROR(MONTH(A10),"") -> 12
I11: =IFERROR(G11*H11,0) -> 0 | J11: =IFERROR(YEAR(A11),"") -> 1899 | K11: =IFERROR(MONTH(A11),"") -> 12
I12: =IFERROR(G12*H12,0) -> 0 | J12: =IFERROR(YEAR(A12),"") -> 1899 | K12: =IFERROR(MONTH(A12),"") -> 12
I13: =IFERROR(G13*H13,0) -> 0 | J13: =IFERROR(YEAR(A13),"") -> 1899 | K13: =IFERROR(MONTH(A13),"") -> 12
I14: =IFERROR(G14*H14,0) -> 0 | J14: =IFERROR(YEAR(A14),"") -> 1899 | K14: =IFERROR(MONTH(A14),"") -> 12
... I152: =IFERROR(G152*H152,0) -> 0 | J152: =IFERROR(YEAR(A152),"") -> 1899 | K152: =IFERROR(MONTH(A152),"") -> 12

Sheet Product Performance
A1: {{CLIENT_NAME}} — Product Performance
A2: {{NICHE}} — figures in {{CURRENCY}}
A5: Product | B5: Category | C5: Units Sold | D5: Revenue ({{CURRENCY}}) | E5: Sales Rank | G5: Top 10 Products by Revenue
C6: =IF(A6="","",SUMIFS('Sales Transactions'!$G$3:$G$152,'Sales Transactions'!$C$3:$C$152,A6)) | D6: =IF(A6="","",SUMIFS('Sales Transactions'!$I$3:$I$152,'Sales Transactions'!$C$3:$C$152,A6)) | E6: =IF(A6="","",RANK(D6,$D$6:$D$35)+COUNTIF($D$6:D6,D6)-1) | G6: Rank | H6: Product | I6: Revenue
C7: =IF(A7="","",SUMIFS('Sales Transactions'!$G$3:$G$152,'Sales Transactions'!$C$3:$C$152,A7)) | D7: =IF(A7="","",SUMIFS('Sales Transactions'!$I$3:$I$152,'Sales Transactions'!$C$3:$C$152,A7)) | E7: =IF(A7="","",RANK(D7,$D$6:$D$35)+COUNTIF($D$6:D7,D7)-1) | G7: 1 | H7: =IFERROR(INDEX('Product Performance'!$A$6:$A$35,MATCH(1,'Product Performance'!$E$6:$E$35,0)),"") | I7: =IFERROR(INDEX('Product Performance'!$D$6:$D$35,MATCH(1,'Product Performance'!$E$6:$E$35,0)),"")
C8: =IF(A8="","",SUMIFS('Sales Transactions'!$G$3:$G$152,'Sales Transactions'!$C$3:$C$152,A8)) | D8: =IF(A8="","",SUMIFS('Sales Transactions'!$I$3:$I$152,'Sales Transactions'!$C$3:$C$152,A8)) | E8: =IF(A8="","",RANK(D8,$D$6:$D$35)+COUNTIF($D$6:D8,D8)-1) | G8: 2 | H8: =IFERROR(INDEX('Product Performance'!$A$6:$A$35,MATCH(2,'Product Performance'!$E$6:$E$35,0)),"") | I8: =IFERROR(INDEX('Product Performance'!$D$6:$D$35,MATCH(2,'Product Performance'!$E$6:$E$35,0)),"")
C9: =IF(A9="","",SUMIFS('Sales Transactions'!$G$3:$G$152,'Sales Transactions'!$C$3:$C$152,A9)) | D9: =IF(A9="","",SUMIFS('Sales Transactions'!$I$3:$I$152,'Sales Transactions'!$C$3:$C$152,A9)) | E9: =IF(A9="","",RANK(D9,$D$6:$D$35)+COUNTIF($D$6:D9,D9)-1) | G9: 3 | H9: =IFERROR(INDEX('Product Performance'!$A$6:$A$35,MATCH(3,'Product Performance'!$E$6:$E$35,0)),"") | I9: =IFERROR(INDEX('Product Performance'!$D$6:$D$35,MATCH(3,'Product Performance'!$E$6:$E$35,0)),"")
C10: =IF(A10="","",SUMIFS('Sales Transactions'!$G$3:$G$152,'Sales Transactions'!$C$3:$C$152,A10)) | D10: =IF(A10="","",SUMIFS('Sales Transactions'!$I$3:$I$152,'Sales Transactions'!$C$3:$C$152,A10)) | E10: =IF(A10="","",RANK(D10,$D$6:$D$35)+COUNTIF($D$6:D10,D10)-1) | G10: 4 | H10: =IFERROR(INDEX('Product Performance'!$A$6:$A$35,MATCH(4,'Product Performance'!$E$6:$E$35,0)),"") | I10: =IFERROR(INDEX('Product Performance'!$D$6:$D$35,MATCH(4,'Product Performance'!$E$6:$E$35,0)),"")
C11: =IF(A11="","",SUMIFS('Sales Transactions'!$G$3:$G$152,'Sales Transactions'!$C$3:$C$152,A11)) | D11: =IF(A11="","",SUMIFS('Sales Transactions'!$I$3:$I$152,'Sales Transactions'!$C$3:$C$152,A11)) | E11: =IF(A11="","",RANK(D11,$D$6:$D$35)+COUNTIF($D$6:D11,D11)-1) | G11: 5 | H11: =IFERROR(INDEX('Product Performance'!$A$6:$A$35,MATCH(5,'Product Performance'!$E$6:$E$35,0)),"") | I11: =IFERROR(INDEX('Product Performance'!$D$6:$D$35,MATCH(5,'Product Performance'!$E$6:$E$35,0)),"")
C12: =IF(A12="","",SUMIFS('Sales Transactions'!$G$3:$G$152,'Sales Transactions'!$C$3:$C$152,A12)) | D12: =IF(A12="","",SUMIFS('Sales Transactions'!$I$3:$I$152,'Sales Transactions'!$C$3:$C$152,A12)) | E12: =IF(A12="","",RANK(D12,$D$6:$D$35)+COUNTIF($D$6:D12,D12)-1) | G12: 6 | H12: =IFERROR(INDEX('Product Performance'!$A$6:$A$35,MATCH(6,'Product Performance'!$E$6:$E$35,0)),"") | I12: =IFERROR(INDEX('Product Performance'!$D$6:$D$35,MATCH(6,'Product Performance'!$E$6:$E$35,0)),"")
C13: =IF(A13="","",SUMIFS('Sales Transactions'!$G$3:$G$152,'Sales Transactions'!$C$3:$C$152,A13)) | D13: =IF(A13="","",SUMIFS('Sales Transactions'!$I$3:$I$152,'Sales Transactions'!$C$3:$C$152,A13)) | E13: =IF(A13="","",RANK(D13,$D$6:$D$35)+COUNTIF($D$6:D13,D13)-1) | G13: 7 | H13: =IFERROR(INDEX('Product Performance'!$A$6:$A$35,MATCH(7,'Product Performance'!$E$6:$E$35,0)),"") | I13: =IFERROR(INDEX('Product Performance'!$D$6:$D$35,MATCH(7,'Product Performance'!$E$6:$E$35,0)),"")
C14: =IF(A14="","",SUMIFS('Sales Transactions'!$G$3:$G$152,'Sales Transactions'!$C$3:$C$152,A14)) | D14: =IF(A14="","",SUMIFS('Sales Transactions'!$I$3:$I$152,'Sales Transactions'!$C$3:$C$152,A14)) | E14: =IF(A14="","",RANK(D14,$D$6:$D$35)+COUNTIF($D$6:D14,D14)-1) | G14: 8 | H14: =IFERROR(INDEX('Product Performance'!$A$6:$A$35,MATCH(8,'Product Performance'!$E$6:$E$35,0)),"") | I14: =IFERROR(INDEX('Product Performance'!$D$6:$D$35,MATCH(8,'Product Performance'!$E$6:$E$35,0)),"")
C15: =IF(A15="","",SUMIFS('Sales Transactions'!$G$3:$G$152,'Sales Transactions'!$C$3:$C$152,A15)) | D15: =IF(A15="","",SUMIFS('Sales Transactions'!$I$3:$I$152,'Sales Transactions'!$C$3:$C$152,A15)) | E15: =IF(A15="","",RANK(D15,$D$6:$D$35)+COUNTIF($D$6:D15,D15)-1) | G15: 9 | H15: =IFERROR(INDEX('Product Performance'!$A$6:$A$35,MATCH(9,'Product Performance'!$E$6:$E$35,0)),"") | I15: =IFERROR(INDEX('Product Performance'!$D$6:$D$35,MATCH(9,'Product Performance'!$E$6:$E$35,0)),"")
C16: =IF(A16="","",SUMIFS('Sales Transactions'!$G$3:$G$152,'Sales Transactions'!$C$3:$C$152,A16)) | D16: =IF(A16="","",SUMIFS('Sales Transactions'!$I$3:$I$152,'Sales Transactions'!$C$3:$C$152,A16)) | E16: =IF(A16="","",RANK(D16,$D$6:$D$35)+COUNTIF($D$6:D16,D16)-1) | G16: 10 | H16: =IFERROR(INDEX('Product Performance'!$A$6:$A$35,MATCH(10,'Product Performance'!$E$6:$E$35,0)),"") | I16: =IFERROR(INDEX('Product Performance'!$D$6:$D$35,MATCH(10,'Product Performance'!$E$6:$E$35,0)),"")
C17: =IF(A17="","",SUMIFS('Sales Transactions'!$G$3:$G$152,'Sales Transactions'!$C$3:$C$152,A17)) | D17: =IF(A17="","",SUMIFS('Sales Transactions'!$I$3:$I$152,'Sales Transactions'!$C$3:$C$152,A17)) | E17: =IF(A17="","",RANK(D17,$D$6:$D$35)+COUNTIF($D$6:D17,D17)-1)
C18: =IF(A18="","",SUMIFS('Sales Transactions'!$G$3:$G$152,'Sales Transactions'!$C$3:$C$152,A18)) | D18: =IF(A18="","",SUMIFS('Sales Transactions'!$I$3:$I$152,'Sales Transactions'!$C$3:$C$152,A18)) | E18: =IF(A18="","",RANK(D18,$D$6:$D$35)+COUNTIF($D$6:D18,D18)-1)
C19: =IF(A19="","",SUMIFS('Sales Transactions'!$G$3:$G$152,'Sales Transactions'!$C$3:$C$152,A19)) | D19: =IF(A19="","",SUMIFS('Sales Transactions'!$I$3:$I$152,'Sales Transactions'!$C$3:$C$152,A19)) | E19: =IF(A19="","",RANK(D19,$D$6:$D$35)+COUNTIF($D$6:D19,D19)-1)
C20: =IF(A20="","",SUMIFS('Sales Transactions'!$G$3:$G$152,'Sales Transactions'!$C$3:$C$152,A20)) | D20: =IF(A20="","",SUMIFS('Sales Transactions'!$I$3:$I$152,'Sales Transactions'!$C$3:$C$152,A20)) | E20: =IF(A20="","",RANK(D20,$D$6:$D$35)+COUNTIF($D$6:D20,D20)-1)
C21: =IF(A21="","",SUMIFS('Sales Transactions'!$G$3:$G$152,'Sales Transactions'!$C$3:$C$152,A21)) | D21: =IF(A21="","",SUMIFS('Sales Transactions'!$I$3:$I$152,'Sales Transactions'!$C$3:$C$152,A21)) | E21: =IF(A21="","",RANK(D21,$D$6:$D$35)+COUNTIF($D$6:D21,D21)-1)
C22: =IF(A22="","",SUMIFS('Sales Transactions'!$G$3:$G$152,'Sales Transactions'!$C$3:$C$152,A22)) | D22: =IF(A22="","",SUMIFS('Sales Transactions'!$I$3:$I$152,'Sales Transactions'!$C$3:$C$152,A22)) | E22: =IF(A22="","",RANK(D22,$D$6:$D$35)+COUNTIF($D$6:D22,D22)-1)
C23: =IF(A23="","",SUMIFS('Sales Transactions'!$G$3:$G$152,'Sales Transactions'!$C$3:$C$152,A23)) | D23: =IF(A23="","",SUMIFS('Sales Transactions'!$I$3:$I$152,'Sales Transactions'!$C$3:$C$152,A23)) | E23: =IF(A23="","",RANK(D23,$D$6:$D$35)+COUNTIF($D$6:D23,D23)-1)
C24: =IF(A24="","",SUMIFS('Sales Transactions'!$G$3:$G$152,'Sales Transactions'!$C$3:$C$152,A24)) | D24: =IF(A24="","",SUMIFS('Sales Transactions'!$I$3:$I$152,'Sales Transactions'!$C$3:$C$152,A24)) | E24: =IF(A24="","",RANK(D24,$D$6:$D$35)+COUNTIF($D$6:D24,D24)-1)
C25: =IF(A25="","",SUMIFS('Sales Transactions'!$G$3:$G$152,'Sales Transactions'!$C$3:$C$152,A25)) | D25: =IF(A25="","",SUMIFS('Sales Transactions'!$I$3:$I$152,'Sales Transactions'!$C$3:$C$152,A25)) | E25: =IF(A25="","",RANK(D25,$D$6:$D$35)+COUNTIF($D$6:D25,D25)-1)
C26: =IF(A26="","",SUMIFS('Sales Transactions'!$G$3:$G$152,'Sales Transactions'!$C$3:$C$152,A26)) | D26: =IF(A26="","",SUMIFS('Sales Transactions'!$I$3:$I$152,'Sales Transactions'!$C$3:$C$152,A26)) | E26: =IF(A26="","",RANK(D26,$D$6:$D$35)+COUNTIF($D$6:D26,D26)-1)
C27: =IF(A27="","",SUMIFS('Sales Transactions'!$G$3:$G$152,'Sales Transactions'!$C$3:$C$152,A27)) | D27: =IF(A27="","",SUMIFS('Sales Transactions'!$I$3:$I$152,'Sales Transactions'!$C$3:$C$152,A27)) | E27: =IF(A27="","",RANK(D27,$D$6:$D$35)+COUNTIF($D$6:D27,D27)-1)
C28: =IF(A28="","",SUMIFS('Sales Transactions'!$G$3:$G$152,'Sales Transactions'!$C$3:$C$152,A28)) | D28: =IF(A28="","",SUMIFS('Sales Transactions'!$I$3:$I$152,'Sales Transactions'!$C$3:$C$152,A28)) | E28: =IF(A28="","",RANK(D28,$D$6:$D$35)+COUNTIF($D$6:D28,D28)-1)
... C35: =IF(A35="","",SUMIFS('Sales Transactions'!$G$3:$G$152,'Sales Transactions'!$C$3:$C$152,A35)) | D35: =IF(A35="","",SUMIFS('Sales Transactions'!$I$3:$I$152,'Sales Transactions'!$C$3:$C$152,A35)) | E35: =IF(A35="","",RANK(D35,$D$6:$D$35)+COUNTIF($D$6:D35,D35)-1)

Sheet Revenue Dashboard
A1: {{CLIENT_NAME}} — Revenue Dashboard
A2: {{NICHE}} — figures in {{CURRENCY}}
A3: Year | B3: 2026
A5: Total Revenue ({{CURRENCY}}) | B5: Total Orders | C5: Avg Order Value ({{CURRENCY}}) | D5: Total Units Sold
A6: =SUMIFS('Sales Transactions'!$I$3:$I$152,'Sales Transactions'!$J$3:$J$152,$B$3) -> 0 | B6: =COUNTIFS('Sales Transactions'!$J$3:$J$152,$B$3,'Sales Transactions'!$I$3:$I$152,">0") -> 0 | C6: =IFERROR(A6/B6,0) -> 0 | D6: =SUMIFS('Sales Transactions'!$G$3:$G$152,'Sales Transactions'!$J$3:$J$152,$B$3) -> 0
A9: Monthly Revenue — Selected Year
A10: Month | B10: Revenue
A11: Jan | B11: =SUMIFS('Sales Transactions'!$I$3:$I$152,'Sales Transactions'!$J$3:$J$152,$B$3,'Sales Transactions'!$K$3:$K$152,1) -> 0
A12: Feb | B12: =SUMIFS('Sales Transactions'!$I$3:$I$152,'Sales Transactions'!$J$3:$J$152,$B$3,'Sales Transactions'!$K$3:$K$152,2) -> 0
A13: Mar | B13: =SUMIFS('Sales Transactions'!$I$3:$I$152,'Sales Transactions'!$J$3:$J$152,$B$3,'Sales Transactions'!$K$3:$K$152,3) -> 0
A14: Apr | B14: =SUMIFS('Sales Transactions'!$I$3:$I$152,'Sales Transactions'!$J$3:$J$152,$B$3,'Sales Transactions'!$K$3:$K$152,4) -> 0
A15: May | B15: =SUMIFS('Sales Transactions'!$I$3:$I$152,'Sales Transactions'!$J$3:$J$152,$B$3,'Sales Transactions'!$K$3:$K$152,5) -> 0
A16: Jun | B16: =SUMIFS('Sales Transactions'!$I$3:$I$152,'Sales Transactions'!$J$3:$J$152,$B$3,'Sales Transactions'!$K$3:$K$152,6) -> 0
A17: Jul | B17: =SUMIFS('Sales Transactions'!$I$3:$I$152,'Sales Transactions'!$J$3:$J$152,$B$3,'Sales Transactions'!$K$3:$K$152,7) -> 0
A18: Aug | B18: =SUMIFS('Sales Transactions'!$I$3:$I$152,'Sales Transactions'!$J$3:$J$152,$B$3,'Sales Transactions'!$K$3:$K$152,8) -> 0
A19: Sep | B19: =SUMIFS('Sales Transactions'!$I$3:$I$152,'Sales Transactions'!$J$3:$J$152,$B$3,'Sales Transactions'!$K$3:$K$152,9) -> 0
A20: Oct | B20: =SUMIFS('Sales Transactions'!$I$3:$I$152,'Sales Transactions'!$J$3:$J$152,$B$3,'Sales Transactions'!$K$3:$K$152,10) -> 0
A21: Nov | B21: =SUMIFS('Sales Transactions'!$I$3:$I$152,'Sales Transactions'!$J$3:$J$152,$B$3,'Sales Transactions'!$K$3:$K$152,11) -> 0
A22: Dec | B22: =SUMIFS('Sales Transactions'!$I$3:$I$152,'Sales Transactions'!$J$3:$J$152,$B$3,'Sales Transactions'!$K$3:$K$152,12) -> 0
A24: Revenue by Category
A25: Category | B25: Revenue
A26: Apparel | B26: =SUMIFS('Sales Transactions'!$I$3:$I$152,'Sales Transactions'!$D$3:$D$152,"Apparel",'Sales Transactions'!$J$3:$J$152,$B$3) -> 0
A27: Accessories | B27: =SUMIFS('Sales Transactions'!$I$3:$I$152,'Sales Transactions'!$D$3:$D$152,"Accessories",'Sales Transactions'!$J$3:$J$152,$B$3) -> 0
A28: Home Goods | B28: =SUMIFS('Sales Transactions'!$I$3:$I$152,'Sales Transactions'!$D$3:$D$152,"Home Goods",'Sales Transactions'!$J$3:$J$152,$B$3) -> 0
A29: Digital | B29: =SUMIFS('Sales Transactions'!$I$3:$I$152,'Sales Transactions'!$D$3:$D$152,"Digital",'Sales Transactions'!$J$3:$J$152,$B$3) -> 0
A30: Custom / Made-to-Order | B30: =SUMIFS('Sales Transactions'!$I$3:$I$152,'Sales Transactions'!$D$3:$D$152,"Custom / Made-to-Order",'Sales Transactions'!$J$3:$J$152,$B$3) -> 0
A31: Other | B31: =SUMIFS('Sales Transactions'!$I$3:$I$152,'Sales Transactions'!$D$3:$D$152,"Other",'Sales Transactions'!$J$3:$J$152,$B$3) -> 0
A34: Revenue by Region
A35: Region | B35: Revenue
A36: North America | B36: =SUMIFS('Sales Transactions'!$I$3:$I$152,'Sales Transactions'!$E$3:$E$152,"North America",'Sales Transactions'!$J$3:$J$152,$B$3) -> 0
A37: Europe | B37: =SUMIFS('Sales Transactions'!$I$3:$I$152,'Sales Transactions'!$E$3:$E$152,"Europe",'Sales Transactions'!$J$3:$J$152,$B$3) -> 0
A38: Asia Pacific | B38: =SUMIFS('Sales Transactions'!$I$3:$I$152,'Sales Transactions'!$E$3:$E$152,"Asia Pacific",'Sales Transactions'!$J$3:$J$152,$B$3) -> 0
A39: Other | B39: =SUMIFS('Sales Transactions'!$I$3:$I$152,'Sales Transactions'!$E$3:$E$152,"Other",'Sales Transactions'!$J$3:$J$152,$B$3) -> 0
A44: Revenue by Channel
A45: Channel | B45: Revenue
A46: Etsy | B46: =SUMIFS('Sales Transactions'!$I$3:$I$152,'Sales Transactions'!$F$3:$F$152,"Etsy",'Sales Transactions'!$J$3:$J$152,$B$3) -> 0
A47: Website | B47: =SUMIFS('Sales Transactions'!$I$3:$I$152,'Sales Transactions'!$F$3:$F$152,"Website",'Sales Transactions'!$J$3:$J$152,$B$3) -> 0
A48: Amazon | B48: =SUMIFS('Sales Transactions'!$I$3:$I$152,'Sales Transactions'!$F$3:$F$152,"Amazon",'Sales Transactions'!$J$3:$J$152,$B$3) -> 0
A49: Instagram | B49: =SUMIFS('Sales Transactions'!$I$3:$I$152,'Sales Transactions'!$F$3:$F$152,"Instagram",'Sales Transactions'!$J$3:$J$152,$B$3) -> 0
A50: Other | B50: =SUMIFS('Sales Transactions'!$I$3:$I$152,'Sales Transactions'!$F$3:$F$152,"Other",'Sales Transactions'!$J$3:$J$152,$B$3) -> 0

Sheet Notes & Legend
A1: Notes & Legend
A3: Color / Style | B3: Meaning
A4: Yellow cells | B4: Input cells — change these (Year selector).
A5: White cells with borders | B5: Data entry rows in Sales Transactions and Product Performance.
A6: Green header cells | B6: Column headers — do not edit.
A7: Black formula cells | B7: Calculated automatically — do not overwrite (Revenue, Units Sold, Sales Rank, etc.).
A8: Colored bars inside cells | B8: Data bars on the Revenue column in Product Performance — longer bar = larger amount.
A10: Prepared for {{CLIENT_NAME}} ({{NICHE}}). Amounts are in {{CURRENCY}}.
