Workbook

Sheet Instructions
A1: How to Use This Social Ads Performance Tracker
A4: 1. Open 'Setup' to confirm which ad platforms you run.
A5: 2. Log each day's (or each campaign's) numbers in 'Campaign Data' — Platform, Campaign, Spend, Impressions, Clicks, Conversions, and Revenue. CTR, CPC, Conversion Rate, and ROAS calculate automatically.
A6: 3. Change the Year/Month selector at the top of 'Dashboard' to see that period's totals and charts update automatically.
A7: 4. Rows with ROAS below 1.0x (losing money) are highlighted red-to-green by a color scale so underperforming campaigns are easy to spot.
A8: 5. Only edit yellow (input) or white cells. Green-header and formula cells update automatically — do not overwrite them.
A9: 6. To log more rows than pre-formatted, select the last formatted row and copy it downward; formulas will carry over.
A11: Prepared for {{CLIENT_NAME}} ({{NICHE}}). Amounts are in {{CURRENCY}}.

Sheet Setup
A1: {{CLIENT_NAME}} — Setup
A2: {{NICHE}} — configure once, everything else updates automatically
A3: Ad Platform
A4: Meta (Facebook/Instagram)
A5: TikTok
A6: Google
A7: Pinterest
A8: Etsy Ads
A9: Other

Sheet Campaign Data
A1: {{CLIENT_NAME}} — Campaign Data
A2: Date | B2: Platform | C2: Campaign | D2: Spend ({{CURRENCY}}) | E2: Impressions | F2: Clicks | G2: Conversions | H2: Revenue ({{CURRENCY}}) | I2: CTR | J2: CPC ({{CURRENCY}}) | K2: Conv. Rate | L2: ROAS | M2: Year | N2: Month
I3: =IFERROR(F3/E3,0) -> 0 | J3: =IFERROR(D3/F3,0) -> 0 | K3: =IFERROR(G3/F3,0) -> 0 | L3: =IFERROR(H3/D3,0) -> 0 | M3: =IFERROR(YEAR(A3),"") -> 1899 | N3: =IFERROR(MONTH(A3),"") -> 12
I4: =IFERROR(F4/E4,0) -> 0 | J4: =IFERROR(D4/F4,0) -> 0 | K4: =IFERROR(G4/F4,0) -> 0 | L4: =IFERROR(H4/D4,0) -> 0 | M4: =IFERROR(YEAR(A4),"") -> 1899 | N4: =IFERROR(MONTH(A4),"") -> 12
I5: =IFERROR(F5/E5,0) -> 0 | J5: =IFERROR(D5/F5,0) -> 0 | K5: =IFERROR(G5/F5,0) -> 0 | L5: =IFERROR(H5/D5,0) -> 0 | M5: =IFERROR(YEAR(A5),"") -> 1899 | N5: =IFERROR(MONTH(A5),"") -> 12
I6: =IFERROR(F6/E6,0) -> 0 | J6: =IFERROR(D6/F6,0) -> 0 | K6: =IFERROR(G6/F6,0) -> 0 | L6: =IFERROR(H6/D6,0) -> 0 | M6: =IFERROR(YEAR(A6),"") -> 1899 | N6: =IFERROR(MONTH(A6),"") -> 12
I7: =IFERROR(F7/E7,0) -> 0 | J7: =IFERROR(D7/F7,0) -> 0 | K7: =IFERROR(G7/F7,0) -> 0 | L7: =IFERROR(H7/D7,0) -> 0 | M7: =IFERROR(YEAR(A7),"") -> 1899 | N7: =IFERROR(MONTH(A7),"") -> 12
I8: =IFERROR(F8/E8,0) -> 0 | J8: =IFERROR(D8/F8,0) -> 0 | K8: =IFERROR(G8/F8,0) -> 0 | L8: =IFERROR(H8/D8,0) -> 0 | M8: =IFERROR(YEAR(A8),"") -> 1899 | N8: =IFERROR(MONTH(A8),"") -> 12
I9: =IFERROR(F9/E9,0) -> 0 | J9: =IFERROR(D9/F9,0) -> 0 | K9: =IFERROR(G9/F9,0) -> 0 | L9: =IFERROR(H9/D9,0) -> 0 | M9: =IFERROR(YEAR(A9),"") -> 1899 | N9: =IFERROR(MONTH(A9),"") -> 12
I10: =IFERROR(F10/E10,0) -> 0 | J10: =IFERROR(D10/F10,0) -> 0 | K10: =IFERROR(G10/F10,0) -> 0 | L10: =IFERROR(H10/D10,0) -> 0 | M10: =IFERROR(YEAR(A10),"") -> 1899 | N10: =IFERROR(MONTH(A10),"") -> 12
I11: =IFERROR(F11/E11,0) -> 0 | J11: =IFERROR(D11/F11,0) -> 0 | K11: =IFERROR(G11/F11,0) -> 0 | L11: =IFERROR(H11/D11,0) -> 0 | M11: =IFERROR(YEAR(A11),"") -> 1899 | N11: =IFERROR(MONTH(A11),"") -> 12
I12: =IFERROR(F12/E12,0) -> 0 | J12: =IFERROR(D12/F12,0) -> 0 | K12: =IFERROR(G12/F12,0) -> 0 | L12: =IFERROR(H12/D12,0) -> 0 | M12: =IFERROR(YEAR(A12),"") -> 1899 | N12: =IFERROR(MONTH(A12),"") -> 12
I13: =IFERROR(F13/E13,0) -> 0 | J13: =IFERROR(D13/F13,0) -> 0 | K13: =IFERROR(G13/F13,0) -> 0 | L13: =IFERROR(H13/D13,0) -> 0 | M13: =IFERROR(YEAR(A13),"") -> 1899 | N13: =IFERROR(MONTH(A13),"") -> 12
I14: =IFERROR(F14/E14,0) -> 0 | J14: =IFERROR(D14/F14,0) -> 0 | K14: =IFERROR(G14/F14,0) -> 0 | L14: =IFERROR(H14/D14,0) -> 0 | M14: =IFERROR(YEAR(A14),"") -> 1899 | N14: =IFERROR(MONTH(A14),"") -> 12
... I152: =IFERROR(F152/E152,0) -> 0 | J152: =IFERROR(D152/F152,0) -> 0 | K152: =IFERROR(G152/F152,0) -> 0 | L152: =IFERROR(H152/D152,0) -> 0 | M152: =IFERROR(YEAR(A152),"") -> 1899 | N152: =IFERROR(MONTH(A152),"") -> 12

Sheet Dashboard
A1: {{CLIENT_NAME}} — Dashboard
A2: {{NICHE}} — figures in {{CURRENCY}}
A3: Year | B3: 2026 | C3: Month | D3: 1
A5: Total Spend ({{CURRENCY}}) | B5: Total Revenue ({{CURRENCY}}) | C5: Overall ROAS | D5: Avg CTR | E5: Avg CPC ({{CURRENCY}})
A6: =SUMIFS('Campaign Data'!$D$3:$D$152,'Campaign Data'!$M$3:$M$152,$B$3,'Campaign Data'!$N$3:$N$152,$D$3) -> 0 | B6: =SUMIFS('Campaign Data'!$H$3:$H$152,'Campaign Data'!$M$3:$M$152,$B$3,'Campaign Data'!$N$3:$N$152,$D$3) -> 0 | C6: =IFERROR(B6/A6,0) -> 0 | D6: =IFERROR(SUMIFS('Campaign Data'!$F$3:$F$152,'Campaign Data'!$M$3:$M$152,$B$3,'Campaign Data'!$N$3:$N$152,$D$3)/SUMIFS('Campaign Data'!$E$3:$E$152,'Campaign Data'!$M$3:$M$152,$B$3,'Campaign Data'!$N$3:$N$152,$D$3),0) -> 0 | E6: =IFERROR(A6/SUMIFS('Campaign Data'!$F$3:$F$152,'Campaign Data'!$M$3:$M$152,$B$3,'Campaign Data'!$N$3:$N$152,$D$3),0) -> 0
A9: Spend by Platform — Selected Month
A10: Platform | B10: Spend | C10: Revenue | D10: ROAS
A11: Meta (Facebook/Instagram) | B11: =SUMIFS('Campaign Data'!$D$3:$D$152,'Campaign Data'!$B$3:$B$152,"Meta (Facebook/Instagram)",'Campaign Data'!$M$3:$M$152,$B$3,'Campaign Data'!$N$3:$N$152,$D$3) -> 0 | C11: =SUMIFS('Campaign Data'!$H$3:$H$152,'Campaign Data'!$B$3:$B$152,"Meta (Facebook/Instagram)",'Campaign Data'!$M$3:$M$152,$B$3,'Campaign Data'!$N$3:$N$152,$D$3) -> 0 | D11: =IFERROR(C11/B11,0) -> 0
A12: TikTok | B12: =SUMIFS('Campaign Data'!$D$3:$D$152,'Campaign Data'!$B$3:$B$152,"TikTok",'Campaign Data'!$M$3:$M$152,$B$3,'Campaign Data'!$N$3:$N$152,$D$3) -> 0 | C12: =SUMIFS('Campaign Data'!$H$3:$H$152,'Campaign Data'!$B$3:$B$152,"TikTok",'Campaign Data'!$M$3:$M$152,$B$3,'Campaign Data'!$N$3:$N$152,$D$3) -> 0 | D12: =IFERROR(C12/B12,0) -> 0
A13: Google | B13: =SUMIFS('Campaign Data'!$D$3:$D$152,'Campaign Data'!$B$3:$B$152,"Google",'Campaign Data'!$M$3:$M$152,$B$3,'Campaign Data'!$N$3:$N$152,$D$3) -> 0 | C13: =SUMIFS('Campaign Data'!$H$3:$H$152,'Campaign Data'!$B$3:$B$152,"Google",'Campaign Data'!$M$3:$M$152,$B$3,'Campaign Data'!$N$3:$N$152,$D$3) -> 0 | D13: =IFERROR(C13/B13,0) -> 0
A14: Pinterest | B14: =SUMIFS('Campaign Data'!$D$3:$D$152,'Campaign Data'!$B$3:$B$152,"Pinterest",'Campaign Data'!$M$3:$M$152,$B$3,'Campaign Data'!$N$3:$N$152,$D$3) -> 0 | C14: =SUMIFS('Campaign Data'!$H$3:$H$152,'Campaign Data'!$B$3:$B$152,"Pinterest",'Campaign Data'!$M$3:$M$152,$B$3,'Campaign Data'!$N$3:$N$152,$D$3) -> 0 | D14: =IFERROR(C14/B14,0) -> 0
A15: Etsy Ads | B15: =SUMIFS('Campaign Data'!$D$3:$D$152,'Campaign Data'!$B$3:$B$152,"Etsy Ads",'Campaign Data'!$M$3:$M$152,$B$3,'Campaign Data'!$N$3:$N$152,$D$3) -> 0 | C15: =SUMIFS('Campaign Data'!$H$3:$H$152,'Campaign Data'!$B$3:$B$152,"Etsy Ads",'Campaign Data'!$M$3:$M$152,$B$3,'Campaign Data'!$N$3:$N$152,$D$3) -> 0 | D15: =IFERROR(C15/B15,0) -> 0
A16: Other | B16: =SUMIFS('Campaign Data'!$D$3:$D$152,'Campaign Data'!$B$3:$B$152,"Other",'Campaign Data'!$M$3:$M$152,$B$3,'Campaign Data'!$N$3:$N$152,$D$3) -> 0 | C16: =SUMIFS('Campaign Data'!$H$3:$H$152,'Campaign Data'!$B$3:$B$152,"Other",'Campaign Data'!$M$3:$M$152,$B$3,'Campaign Data'!$N$3:$N$152,$D$3) -> 0 | D16: =IFERROR(C16/B16,0) -> 0
A20: Spend vs Revenue — Selected Year
A21: Month | B21: Spend | C21: Revenue
A22: Jan | B22: =SUMIFS('Campaign Data'!$D$3:$D$152,'Campaign Data'!$M$3:$M$152,$B$3,'Campaign Data'!$N$3:$N$152,1) -> 0 | C22: =SUMIFS('Campaign Data'!$H$3:$H$152,'Campaign Data'!$M$3:$M$152,$B$3,'Campaign Data'!$N$3:$N$152,1) -> 0
A23: Feb | B23: =SUMIFS('Campaign Data'!$D$3:$D$152,'Campaign Data'!$M$3:$M$152,$B$3,'Campaign Data'!$N$3:$N$152,2) -> 0 | C23: =SUMIFS('Campaign Data'!$H$3:$H$152,'Campaign Data'!$M$3:$M$152,$B$3,'Campaign Data'!$N$3:$N$152,2) -> 0
A24: Mar | B24: =SUMIFS('Campaign Data'!$D$3:$D$152,'Campaign Data'!$M$3:$M$152,$B$3,'Campaign Data'!$N$3:$N$152,3) -> 0 | C24: =SUMIFS('Campaign Data'!$H$3:$H$152,'Campaign Data'!$M$3:$M$152,$B$3,'Campaign Data'!$N$3:$N$152,3) -> 0
A25: Apr | B25: =SUMIFS('Campaign Data'!$D$3:$D$152,'Campaign Data'!$M$3:$M$152,$B$3,'Campaign Data'!$N$3:$N$152,4) -> 0 | C25: =SUMIFS('Campaign Data'!$H$3:$H$152,'Campaign Data'!$M$3:$M$152,$B$3,'Campaign Data'!$N$3:$N$152,4) -> 0
A26: May | B26: =SUMIFS('Campaign Data'!$D$3:$D$152,'Campaign Data'!$M$3:$M$152,$B$3,'Campaign Data'!$N$3:$N$152,5) -> 0 | C26: =SUMIFS('Campaign Data'!$H$3:$H$152,'Campaign Data'!$M$3:$M$152,$B$3,'Campaign Data'!$N$3:$N$152,5) -> 0
A27: Jun | B27: =SUMIFS('Campaign Data'!$D$3:$D$152,'Campaign Data'!$M$3:$M$152,$B$3,'Campaign Data'!$N$3:$N$152,6) -> 0 | C27: =SUMIFS('Campaign Data'!$H$3:$H$152,'Campaign Data'!$M$3:$M$152,$B$3,'Campaign Data'!$N$3:$N$152,6) -> 0
A28: Jul | B28: =SUMIFS('Campaign Data'!$D$3:$D$152,'Campaign Data'!$M$3:$M$152,$B$3,'Campaign Data'!$N$3:$N$152,7) -> 0 | C28: =SUMIFS('Campaign Data'!$H$3:$H$152,'Campaign Data'!$M$3:$M$152,$B$3,'Campaign Data'!$N$3:$N$152,7) -> 0
A29: Aug | B29: =SUMIFS('Campaign Data'!$D$3:$D$152,'Campaign Data'!$M$3:$M$152,$B$3,'Campaign Data'!$N$3:$N$152,8) -> 0 | C29: =SUMIFS('Campaign Data'!$H$3:$H$152,'Campaign Data'!$M$3:$M$152,$B$3,'Campaign Data'!$N$3:$N$152,8) -> 0
A30: Sep | B30: =SUMIFS('Campaign Data'!$D$3:$D$152,'Campaign Data'!$M$3:$M$152,$B$3,'Campaign Data'!$N$3:$N$152,9) -> 0 | C30: =SUMIFS('Campaign Data'!$H$3:$H$152,'Campaign Data'!$M$3:$M$152,$B$3,'Campaign Data'!$N$3:$N$152,9) -> 0
A31: Oct | B31: =SUMIFS('Campaign Data'!$D$3:$D$152,'Campaign Data'!$M$3:$M$152,$B$3,'Campaign Data'!$N$3:$N$152,10) -> 0 | C31: =SUMIFS('Campaign Data'!$H$3:$H$152,'Campaign Data'!$M$3:$M$152,$B$3,'Campaign Data'!$N$3:$N$152,10) -> 0
A32: Nov | B32: =SUMIFS('Campaign Data'!$D$3:$D$152,'Campaign Data'!$M$3:$M$152,$B$3,'Campaign Data'!$N$3:$N$152,11) -> 0 | C32: =SUMIFS('Campaign Data'!$H$3:$H$152,'Campaign Data'!$M$3:$M$152,$B$3,'Campaign Data'!$N$3:$N$152,11) -> 0
A33: Dec | B33: =SUMIFS('Campaign Data'!$D$3:$D$152,'Campaign Data'!$M$3:$M$152,$B$3,'Campaign Data'!$N$3:$N$152,12) -> 0 | C33: =SUMIFS('Campaign Data'!$H$3:$H$152,'Campaign Data'!$M$3:$M$152,$B$3,'Campaign Data'!$N$3:$N$152,12) -> 0

Sheet Notes & Legend
A1: Notes & Legend
A3: Color / Style | B3: Meaning
A4: Yellow cells | B4: Input cells — change these (Year, Month).
A5: White cells with borders | B5: Data entry rows in Campaign Data.
A6: Green header cells | B6: Column headers — do not edit.
A7: Black formula cells | B7: Calculated automatically — do not overwrite (CTR, CPC, Conv. Rate, ROAS, etc.).
A8: Red-yellow-green shading (Campaign Data, ROAS column) | B8: Red = losing money (ROAS below 1.0x), green = strongly profitable (ROAS 3.0x+).
A10: Prepared for {{CLIENT_NAME}} ({{NICHE}}). Amounts are in {{CURRENCY}}.
